DMSO,Bleomycin,Bleomycin,Bleomycin,Doxorubicin,Doxorubicin,Doxorubicin,Sterigmatocystin,Sterigmatocystin,KCB25-11A,KCB25-11A,KCB25-11A,KCB25-11A,KCB25-11A,KCB25-11B,KCB25-11B,KCB25-11B,KCB25-11B,KCB25-11B
0,3,10,30,0.03,0.1,0.3,3,10,0.1,0.3,1,3,10,0.1,0.3,1,3,10
1.469756784,6.717357576,9.437694515,16.10460741,3.529411683,4.514114592,5.831153604,2.011495398,2.74799898,1.924680056,2.804766176,5.385763218,20.97931851,37.31335338,13.05203028,25.5277193,36.66692638,50.7713,41.66336154
1.411314715,5.029711594,7.346636036,15.42864293,4.239198131,4.45798,6.758005291,2.139907095,2.683094825,2.281771989,2.342298209,4.359685965,27.90150694,38.31067633,11.72972218,22.09513684,39.03912588,51.20128333,45.80392623
1.407115962,7.0176,8.349837719,13.54710154,4.141433636,4.640888889,6.425219903,2.014459888,2.972822853,2.153061717,2.535985635,5.766111944,28.80774688,39.97704382,13.89288737,27.09524775,39.82753209,48.425925,45.3650366
1.627778468,7.636635769,8.390627126,14.75218396,3.872851121,5.111397468,6.464869333,2.199510699,2.690954045,2.295307418,2.753311497,8.051558621,23.87484266,33.10497902,13.03659589,18.59385683,39.67292576,50.7000463,47.89933071
1.3775875,8.687658703,8.475290598,16.51069543,3.829497778,4.617271269,6.435440086,2.20849359,2.636130988,2.2301,2.483952275,7.776318077,22.80985581,35.43855375,16.47219469,22.56860826,38.74797674,47.84582234,56.76252885
1.406185226,5.878070943,8.899267227,14.73603631,3.633292577,4.745578862,6.187698729,2.167723958,2.77704127,2.152385556,2.529771307,5.736343636,24.800968,34.28609756,11.07522171,17.73254788,40.65570633,49.8817726,52.32718644
1.543835028,5.72738797,8.454768379,14.89008643,3.751494479,5.325432444,6.486100431,2.108839277,2.994545385,1.896454206,2.578889752,4.01627541,26.12934312,40.39123132,15.1440061,25.08208743,41.78706489,55.32679167,51.85808989
1.321215447,4.804389925,8.6573712,18.38699945,3.753864941,4.578387374,6.245049754,1.979551894,2.748924366,1.843347394,2.576883478,7.362642244,26.16721986,35.20621074,12.5650303,7.213606111,37.99370144,57.58039344,46.07035833
1.648637837,5.328409717,6.532166953,15.30678249,4.321263587,4.657959524,6.2072,2.022119715,2.793236786,2.007191317,2.698500119,5.0104275,24.32846354,38.00232389,12.40169101,25.5655561,38.07682822,47.06632577,54.92795484
1.348747337,5.242986087,8.227626728,17.73344049,4.456196774,5.078101449,6.753313068,2.11017125,2.917358273,1.845070028,2.711437469,5.274503448,26.30460076,41.28915909,8.217272868,28.02306474,44.78124876,48.57950505,55.9975713
1.382015754,5.391130942,6.196472021,17.83525419,3.831019556,5.330239815,7.071237037,1.55051048,2.684468527,2.180109106,2.53743858,4.02152,27.88961309,38.51453571,14.85372183,27.14533463,38.11031746,51.22988496,46.34375
1.352051853,6.118882576,6.106216444,17.9710022,4.11999276,5.269496476,7.090392814,2.253109385,2.86173477,2.21395591,2.575696953,5.610569186,26.29014276,43.69264216,13.13198197,27.88720392,37.34827228,52.43968636,48.66914074
1.482252047,5.4034,9.710900971,19.62877803,4.299088136,6.004374766,7.623838596,2.707760535,2.88107019,2.06550202,2.875989275,6.779252047,27.5908522,40.92329821,15.11181605,29.87277181,39.92345487,54.0838843,44.5002084
1.378341042,6.183098099,5.807744068,19.60613904,3.862546622,5.292631718,6.376102475,2.636763798,2.729215405,2.484732595,3.149833642,7.114381503,25.81446789,34.83380899,12.82938276,27.3190575,43.84164975,51.73068984,48.23595833
1.699598371,8.242940511,6.643432692,16.88296502,3.651198333,4.549246125,6.490398058,2.069988333,2.725379206,2.441314511,2.748625893,7.842987861,24.48421136,36.13201712,13.7672162,20.67346649,36.92910674,36.2623008,48.45451232
1.404503292,7.821647518,7.689061509,21.86361885,4.025812207,4.920188346,6.146445783,1.989677753,2.630715678,2.427879758,3.142431928,8.080653527,26.62540359,36.00911075,15.1229234,27.40432639,40.15921711,49.52161071,58.4571823
1.442435993,7.496019643,8.378130909,19.50645283,4.085176471,4.381337081,6.390337209,1.841979403,2.947632143,2.316693623,2.495106685,5.473310778,24.68341526,29.033,13.82935436,23.60841659,34.23629651,51.52427164,47.45320549
1.252947525,6.98049803,10.17569758,15.40990714,3.856426376,4.659386215,6.534072327,2.061581364,2.899856081,2.252829309,2.217825936,7.009244248,24.44066481,33.88183333,12.71403516,25.05628148,40.92114483,48.62194545,52.91997959
1.399671538,7.072755042,7.976520652,17.95904863,4.008906148,4.190518557,6.299381928,2.352770743,2.900723343,2.276693815,2.449466667,6.972641534,25.67822222,31.68985542,11.30679803,24.67551571,45.87015827,56.90417886,53.7366605
1.43821725,6.154720988,9.347480296,18.11839196,4.036044138,4.418165948,6.375986957,2.265431169,2.92846875,3.407432385,2.507601127,6.841186297,25.33663574,28.71833611,12.37567893,29.86237269,45.44135976,50.41511188,48.09591803
1.392242435,8.307132579,9.798646411,19.64127468,4.359396047,4.733116318,6.574374123,1.99108023,2.825754667,2.666454825,2.364914611,8.262011803,23.74466383,32.94434889,9.522938384,24.80949324,42.929655,41.1616246,48.6527451
1.370098528,8.227734234,10.41569741,19.35880402,4.747506024,4.508700654,6.515171717,1.967444015,2.829069235,2.325711295,2.488271858,5.768961472,19.53054214,28.17024272,12.78627985,23.97411149,48.16525191,45.78729,54.98629275
1.32595546,7.302755652,10.66654194,20.32040152,4.344087264,4.344476279,5.704269408,2.059394121,2.971613547,2.143496418,2.501305313,5.482863684,27.65452203,33.87930516,12.33756203,24.93471229,40.35564896,55.28388462,43.80281556
1.356292016,6.834449345,9.564801796,15.07429176,4.104117195,4.304933585,6.475813836,2.015562876,2.817213293,2.209703723,2.32523,6.700919608,22.0258821,31.78647544,11.23958046,20.21773391,43.04230467,43.56475524,52.15837564
1.734084628,6.253632258,8.910521127,18.15971613,4.169637065,4.552464939,6.103879861,2.086562279,2.942927964,2.368939941,2.544946746,6.382336308,22.10885551,34.62565401,10.36556073,23.91340094,44.38154586,51.87229016,55.42056782
1.730778053,7.392370874,9.555659355,16.63210161,4.49271025,4.531353529,6.682833582,2.21570355,3.272453416,2.318735165,2.585315738,4.627052824,23.96070892,36.97654612,12.9808108,29.67108658,41.09133553,57.26870968,51.59308
1.380538973,7.248541294,9.942434965,20.38698831,4.462447437,4.716116474,7.357035433,2.159574826,3.08193921,2.271732208,2.442890751,6.43577963,26.42185477,35.1479515,15.92478905,26.33189773,39.49265161,53.30799764,53.36938791
1.796896154,9.36430125,7.827516892,21.60021486,4.405244091,4.416474731,6.624361953,2.478516987,3.158632558,2.283357995,2.492042479,5.911805422,22.180082,36.431208,12.3841558,27.37602158,46.49992994,56.03011538,64.49604082
1.338976863,13.12129538,9.078471186,26.42628387,4.634383143,4.92865561,6.540008986,2.495484172,2.910066575,2.32496035,2.651233238,7.639699,26.33125206,37.74460755,16.03318713,31.34620787,42.92778553,54.17234846,59.28129474
1.32551497,8.003799119,10.58320195,19.77685169,4.426212017,4.501229565,6.471533,2.19989918,3.15363125,2.262310811,2.639504937,6.250558805,25.66470539,32.95860043,10.86056164,30.47965957,44.20862838,48.51638333,53.95033333
2.834396525,7.887618651,9.843565833,23.29782955,4.393724678,4.463365202,6.645268584,1.978130124,2.671374552,2.648113487,2.461231461,7.29050113,20.02512581,30.29631034,15.10211029,25.03024034,43.34134694,53.72261203,55.59965873
1.54406897,9.090270833,11.52415,20.31759514,5.009224889,4.226837838,6.593056716,2.014564749,2.591336393,2.394739565,2.79164926,6.364700683,26.10846801,29.02109286,11.71140816,24.31415468,46.62761151,44.33829412,52.7548169
1.572564783,3.204607042,7.156677674,19.41384337,2.548749565,4.432488421,6.600901242,1.960784734,2.647667702,1.86768228,2.048389804,4.148312581,30.41350193,32.31555778,10.69787801,25.09398319,38.84940794,52.5564693,46.17413288
1.42975331,4.223601887,5.832218713,19.17526769,3.406231667,4.638558421,6.450643023,2.223540891,2.776182129,2.14462797,2.175715508,4.877782828,25.70147756,33.63256722,14.06419,21.53765056,37.99915929,50.89042913,40.25103636
1.418441379,4.935755455,6.384583333,21.46012707,3.554798187,4.098378659,7.132050685,2.547615901,3.24456073,2.275500299,2.382976275,5.63145638,26.95112887,33.91528689,11.95290576,25.15972521,36.20483237,48.28514122,48.86375802
1.375424181,3.333408,5.26391913,18.12795103,3.403102128,4.510316827,6.290957143,2.185123846,2.609850631,2.016913913,2.375163533,6.460496657,25.22243617,35.04384337,11.18953696,24.67118796,42.74917339,51.67214019,50.32573571
1.37552947,4.130241026,5.967955159,23.45234091,3.642094303,4.518966797,6.752116279,1.980789798,2.669516214,2.109121779,2.567884294,6.306243197,28.17476027,35.6898022,12.98866404,28.01985319,46.43443137,47.56243836,38.94331875
1.410634911,4.135317717,5.741774554,21.36137089,3.632529198,4.591690299,6.4268,2.348428165,2.580692593,2.055405333,2.238118505,5.029631449,28.36030451,31.73607665,9.924732624,21.17588889,45.85470394,51.3057082,49.10051379
1.410818801,3.779669574,9.069296154,22.30758744,3.101298551,4.627226298,6.257903571,2.04954796,2.726901507,1.988273871,2.295515867,5.2156,23.15267782,35.57602718,9.01557,18.06533671,49.1213,45.61554737,54.31846324
1.501252943,3.7882898,4.138341944,22.54712295,3.202079724,4.271826772,6.145688571,1.949268664,2.843744286,1.702868867,2.191054507,4.124589744,24.65102426,39.86717972,8.332689147,26.69157901,37.60750333,45.10721481,47.79106538
1.411329128,3.181296059,4.366480263,24.57192573,3.265071366,4.256905093,6.070420652,1.905606169,2.640954044,1.999976954,2.775409137,4.476433119,25.15036224,34.64658409,13.74398224,22.84804878,32.74594315,46.67974364,43.39844444
1.407281905,5.459740415,3.769820647,20.74987886,3.699231292,4.439055769,7.814780272,2.203517778,2.879193692,2.048139941,2.418362069,6.91524886,28.91135351,38.72889224,17.40052508,27.37811974,35.15847188,47.91611772,45.55033333
1.349165678,4.25967707,4.29670462,17.07484701,3.547999526,4.422631439,5.953456831,2.141518035,2.82832106,1.978954821,2.38659764,5.757593373,26.62636283,37.94321633,16.09648684,27.5823391,40.62345588,51.65106,58.6793
1.466328817,4.523362338,4.666246824,20.50041772,3.829326389,4.533771014,7.146525564,2.090406384,2.843769591,2.017598246,2.34538,7.105515727,26.90425188,37.102056,12.8603321,26.43793074,39.04704118,55.80411538,51.77965625
1.425158845,3.843512077,7.08042732,22.20739143,4.823418438,4.650013223,8.379146602,2.315681366,3.084937168,2.142603089,2.58121676,4.87619375,27.07884599,37.187636,17.44604128,29.4243411,47.92310069,57.58225652,58.71306977
1.612268116,3.836754979,6.692711521,21.87488542,3.995797321,4.333094406,7.181544715,2.098484646,2.92175478,2.056828775,2.335296877,6.612841818,27.98805107,35.43549621,12.65789695,25.64549679,47.20257016,52.11885345,49.735745
1.572641228,6.498073932,6.929474775,20.13886058,3.464601645,4.769456831,7.046155938,2.107413846,2.774474874,2.148135693,2.61150289,8.151520468,29.35576974,37.01897255,17.59464706,26.37905236,42.69298214,52.39692105,53.71697407
1.463483275,5.734134783,9.480168462,20.96646475,4.379499225,4.910692788,6.979135583,2.073834914,2.434303982,2.2417555,2.833534281,7.62534,26.52983615,32.28409961,11.54462073,25.23577848,42.68309263,47.49715402,46.40753333
